{
  "version": 1,
  "author": "Anonymous maker",
  "editor": "wokwi",
  "parts": [
    { "type": "wokwi-breadboard-half", "id": "bb1", "top": 16.2, "left": -688.4, "attrs": {} },
    { "type": "wokwi-arduino-uno", "id": "uno", "top": 18.67, "left": -270, "attrs": {} },
    {
      "type": "wokwi-led",
      "id": "led1",
      "top": -87.38,
      "left": -480.72,
      "attrs": { "color": "red" }
    },
    {
      "type": "wokwi-pir-motion-sensor",
      "id": "pir1",
      "top": -130.4,
      "left": -208.98,
      "attrs": {}
    },
    {
      "type": "wokwi-ntc-temperature-sensor",
      "id": "ntc1",
      "top": -131.8,
      "left": -48.6,
      "attrs": {}
    },
    {
      "type": "wokwi-buzzer",
      "id": "bz1",
      "top": -122.4,
      "left": -353.4,
      "attrs": { "volume": "0.1" }
    }
  ],
  "connections": [
    [ "uno:5V", "bb1:bp.22", "red", [ "v94.98", "h-305.97", "v-108.16" ] ],
    [ "uno:GND.1", "bb1:tn.21", "black", [ "v-30.44", "h-264.96", "v33.15" ] ],
    [ "ntc1:OUT", "uno:A0", "green", [ "h4.43", "v334.75", "h-151.78" ] ],
    [ "pir1:OUT", "uno:2", "green", [ "v13.82", "h129.16" ] ],
    [ "led1:A", "uno:3", "green", [ "v53.08", "h412.22", "v-3.49" ] ],
    [ "led1:C", "bb1:tn.13", "green", [ "v19.06", "h-48.82" ] ],
    [ "bz1:2", "uno:4", "green", [ "v27.58", "h259.09" ] ],
    [ "bz1:1", "bb1:tn.16", "green", [ "v24.05", "h-158.86" ] ]
  ],
  "dependencies": {}
}